{
    "0":[
        [2.3627493381500244, 1.4760810136795044], 
        [1.984569787979126, 1.4760810136795044], 
        [1.984569787979126, -1.4760807752609253], 
        [2.3627493381500244, -1.4760807752609253]],
    "1":[
        [1.7111122608184814, 1.0178749561309814], 
        [1.7111122608184814, -1.0178747177124023], 
        [1.984569787979126, -1.4760807752609253], 
        [1.984569787979126, 1.4760810136795044]],
    "2":[
        [1.5698258876800537, 0.9326872229576111], 
        [1.5698258876800537, -0.932686984539032], 
        [1.7111122608184814, -1.0178747177124023], 
        [1.7111122608184814, 1.0178749561309814]],
    "3":[
        [1.4103089570999146, 1.015447974205017], 
        [1.4103089570999146, -1.015447735786438], 
        [1.5698258876800537, -0.932686984539032], 
        [1.5698258876800537, 0.9326872229576111]],
    "4":[
        [1.323714017868042, 1.1541633605957031], 
        [1.323714017868042, -1.154163122177124], 
        [1.4103089570999146, -1.015447735786438], 
        [1.4103089570999146, 1.015447974205017]],
    "5":[
        [1.1049479246139526, 1.1541633605957031], 
        [1.1049479246139526, -1.154163122177124], 
        [1.323714017868042, -1.154163122177124], 
        [1.323714017868042, 1.1541633605957031]],
    "6":[
        [1.050256371498108, 1.0215851068496704], 
        [1.050256371498108, -1.0215848684310913], 
        [1.1049479246139526, -1.154163122177124], 
        [1.1049479246139526, 1.1541633605957031]],
    "7":[
        [0.7904716730117798, 1.0626037120819092], 
        [0.7904716730117798, -0.9805662035942078], 
        [1.050256371498108, -1.0215848684310913], 
        [1.050256371498108, 1.0215851068496704]],
    "8":[
        [0.5078988075256348, 1.171986699104309], 
        [0.5078988075256348, -0.8711831569671631], 
        [0.7904716730117798, -0.9805662035942078], 
        [0.7904716730117798, 1.0626037120819092]],
    "9":[
        [0.2070954591035843, 1.273102045059204], 
        [0.2070954591035843, -0.6623799800872803], 
        [0.5078988075256348, -0.8711831569671631], 
        [0.5078988075256348, 1.171986699104309]],
    "10":[
        [-0.16662992537021637, 1.3773419857025146], 
        [-0.16662992537021637, -0.3199724555015564], 
        [0.2070954591035843, -0.6623799800872803], 
        [0.2070954591035843, 1.273102045059204]],
    "11":[
        [-0.481106162071228, 1.4068204164505005],
        [-0.481106162071228, -0.12156951427459717], 
        [-0.16662992537021637, -0.3199724555015564], 
        [-0.16662992537021637, 1.3773419857025146]],
    "12":[
        [-0.7659578323364258, 1.3917336463928223], 
        [-0.7659578323364258, -0.024192214012145996], 
        [-0.481106162071228, -0.12156951427459717], 
        [-0.481106162071228, 1.4068204164505005]],
    "13":[
        [-1.1425949335098267, 1.2949481010437012], 
        [-1.1425949335098267, 0.034613072872161865], 
        [-0.7659578323364258, -0.024192214012145996], 
        [-0.7659578323364258, 1.3917336463928223]],
    "14":[
        [-1.5540473461151123, 1.0726284980773926], 
        [-1.5540473461151123, -0.05956923961639404], 
        [-1.1425949335098267, 0.034613072872161865], 
        [-1.1425949335098267, 1.2949481010437012]],
    "15":[
        [-1.9285744428634644, 0.6808516383171082], 
        [-1.8257113695144653, -0.345633864402771], 
        [-1.7413108348846436, -0.20655782520771027], 
        [-1.7413108348846436, 0.8925651907920837]],
    "16":[
        [-1.7413108348846436, 0.8925651907920837], 
        [-1.7413108348846436, -0.20655782520771027], 
        [-1.5540473461151123, -0.05956923961639404], 
        [-1.5540473461151123, 1.0726284980773926]],
    "17":[
        [-2.1712257862091064, 0.035138294100761414], 
        [-2.055175304412842, -0.7259140014648438], 
        [-1.8107705116271973, -0.5844182968139648], 
        [-2.0885891914367676, 0.3661749064922333]],
    "18":[
        [-2.0885891914367676, 0.3661749064922333], 
        [-1.8107705116271973, -0.5844182968139648], 
        [-1.8257113695144653, -0.345633864402771], 
        [-1.9285744428634644, 0.6808516383171082]],
    "19":[
        [-2.189931631088257, -0.12833747267723083], 
        [-2.1646816730499268, -0.5001635551452637], 
        [-2.055175304412842, -0.7259140014648438], 
        [-2.1712257862091064, 0.035138294100761414]],
    "20":[
        [-2.361543893814087, -0.454084575176239], 
        [-2.3593909740448, -0.48578977584838867], 
        [-2.1646816730499268, -0.5001635551452637], 
        [-2.189931631088257, -0.12833747267723083]],
    "21":[
        [-1.6340569257736206, -0.8428947925567627], 
        [-1.6489977836608887, -0.6041103601455688], 
        [-1.8257113695144653, -0.345633864402771], 
        [-1.8107705116271973, -0.5844182968139648]],
    "22":[
        [-1.3773337602615356, -0.3180457651615143], 
        [-0.9658814072608948, -0.22386345267295837], 
        [-1.1425949335098267, 0.034613072872161865], 
        [-1.5540473461151123, -0.05956923961639404]],
    "23":[
        [-1.564597249031067, -0.4650343656539917], 
        [-1.3773337602615356, -0.3180457651615143], 
        [-1.5540473461151123, -0.05956923961639404], 
        [-1.7413108348846436, -0.20655782520771027]],
    "24":[
        [-1.6489977836608887, -0.6041103601455688], 
        [-1.564597249031067, -0.4650343656539917], 
        [-1.7413108348846436, -0.20655782520771027], 
        [-1.8257113695144653, -0.345633864402771]],
    "25":[
        [-0.9658814072608948, -0.22386345267295837], 
        [-0.5892443060874939, -0.28266873955726624], 
        [-0.7659578323364258, -0.024192214012145996], 
        [-1.1425949335098267, 0.034613072872161865]],
    "26":[
        [-1.3627593517303467, -0.8980485200881958], 
        [-1.3743290901184082, -0.7131412029266357], 
        [-1.6489977836608887, -0.6041103601455688], 
        [-1.6340569257736206, -0.8428947925567627]],
    "27":[
        [-1.3743290901184082, -0.7131412029266357], 
        [-1.308971881866455, -0.6054449677467346], 
        [-1.564597249031067, -0.4650343656539917], 
        [-1.6489977836608887, -0.6041103601455688]],
    "28":[
        [-0.8453447222709656, -0.41868966817855835], 
        [-0.5536885261535645, -0.46422669291496277], 
        [-0.5892443060874939, -0.28266873955726624], 
        [-0.9658814072608948, -0.22386345267295837]],
    "29":[
        [-1.308971881866455, -0.6054449677467346], 
        [-1.1639608144760132, -0.4916215240955353], 
        [-1.3773337602615356, -0.3180457651615143], 
        [-1.564597249031067, -0.4650343656539917]],
    "30":[
        [-1.1639608144760132, -0.4916215240955353], 
        [-0.8453447222709656, -0.41868966817855835], 
        [-0.9658814072608948, -0.22386345267295837], 
        [-1.3773337602615356, -0.3180457651615143]],
    "31":[
        [-1.1641631126403809, -1.0676161050796509], 
        [-1.1730117797851562, -0.9261986017227173], 
        [-1.3743290901184082, -0.7131412029266357], 
        [-1.3627593517303467, -0.8980485200881958]],
    "32":[
        [-1.1730117797851562, -0.9261986017227173], 
        [-1.1230263710021973, -0.84383225440979], 
        [-1.308971881866455, -0.6054449677467346], 
        [-1.3743290901184082, -0.7131412029266357]],
    "33":[
        [-0.76844322681427, -0.7010012865066528], 
        [-0.5453838109970093, -0.735828161239624], 
        [-0.5536885261535645, -0.46422669291496277], 
        [-0.8453447222709656, -0.41868966817855835]],
    "34":[
        [-1.1230263710021973, -0.84383225440979], 
        [-1.0121214389801025, -0.756779670715332], 
        [-1.1639608144760132, -0.4916215240955353], 
        [-1.308971881866455, -0.6054449677467346]],
    "35":[
        [-1.0121214389801025, -0.756779670715332], 
        [-0.76844322681427, -0.7010012865066528], 
        [-0.8453447222709656, -0.41868966817855835], 
        [-1.1639608144760132, -0.4916215240955353]],